{
  "total_applications": 59479,
  "overall_approval_rate": 0.8979303619764959,
  "white_approval_rate": 0.9425168561444953,
  "black_approval_rate": 0.8398167430237401,
  "hispanic_approval_rate": 0.8611193366893692,
  "bw_gap_pp": 10.270011312075521,
  "morans_i": 0.267,
  "morans_p": 0.001,
  "hh_minority_pct": 95.2,
  "ll_minority_pct": 37.1,
  "black_disparity_index": 2.79,
  "hisp_disparity_index": 2.42,
  "black_odds_ratio": 0.665,
  "pct_lenders_above_2x": 0.76,
  "median_disparity_ratio": 2.75268817204301,
  "top_lender_name": "Citibank, National Association",
  "top_lender_ratio": 16.54,
  "xgb_auc": 0.8001531484859569,
  "lr_auc": 0.7429692524864194,
  "race_shap_rank": 2,
  "msa_code": "47894",
  "msa_name": "Washington DC MSA",
  "hmda_year": 2023
}